Id,Price
4567,158556.73
5925,125039.67
960,145147.44
3848,114081.836
746,185376.53
868,361184.1
672,119336.12
2471,200340.62
4510,121305.63
8354,228113.16
6393,182290.86
13270,215281.97
5250,291562.94
16751,172145.6
11404,128950.5
10588,360147.47
14925,206270.56
6791,204104.88
16097,195999.0
16428,376548.62
6945,337734.78
3190,190025.95
15709,445252.06
13155,168783.44
7675,199706.38
14686,240820.55
609,155939.55
11155,156629.16
10869,213511.67
15742,189843.78
9245,199428.78
3340,169106.5
2359,274915.12
8070,209096.75
13707,132132.48
16079,281880.34
15937,265927.56
14090,190296.1
9008,228803.19
16384,172066.94
11657,248269.98
13151,168933.38
8990,158540.52
11857,181553.56
1565,148546.81
8174,95993.61
9247,245244.14
10478,209151.12
15509,141454.67
8306,208161.06
6642,186110.69
7472,227078.03
15989,128576.58
13682,127418.195
163,222771.27
7076,188875.95
7478,328063.1
3029,187235.28
1814,144440.89
10057,125783.07
15100,187171.67
12694,226247.89
6291,185527.44
12603,196640.56
3218,240374.03
13456,124545.74
10170,243973.78
4530,155911.95
13329,159153.86
4820,153794.12
10896,172946.47
13416,121683.37
2701,224858.94
11265,354916.62
9189,251650.08
1858,200706.97
14536,239157.98
6199,288974.34
14730,147720.58
7510,254200.98
15505,165520.52
7446,183466.61
14016,189894.88
14113,103378.22
8721,304654.88
6193,309205.2
5717,175095.34
5427,306487.6
9520,492213.6
6869,101171.38
1658,155854.23
6639,213395.3
6283,188940.95
6257,128545.484
15235,172946.31
902,237369.48
8932,194914.58
16469,334032.8
2825,272255.1
6450,449257.22
11366,172969.27
3801,376202.88
11385,202125.58
1079,196202.1
3202,266976.44
676,220131.44
6185,281622.8
7730,154392.98
2573,175389.56
10978,206051.08
10962,261260.06
8870,198320.47
8496,179782.12
5517,164919.7
927,177060.19
13675,211036.08
1499,228535.98
15536,344406.88
8602,331076.88
12137,474453.4
9865,259390.77
16353,276125.47
15908,210548.44
3944,182126.98
10359,193849.0
15158,218933.36
3259,238285.1
7220,317453.47
13843,198874.48
16736,186794.42
702,254538.56
16401,98464.47
12134,183334.72
6918,235144.06
11792,135568.72
3798,127318.484
10395,132546.38
11099,145366.52
7090,191896.08
11260,185055.23
9647,211716.34
2903,395647.5
2071,183320.69
8604,189772.14
9346,206811.98
3945,193018.0
3420,129893.27
10842,124144.93
725,150288.86
13931,196545.33
16330,245760.2
9066,425338.6
3326,294725.16
1556,265413.44
6579,100072.555
13877,143720.94
9857,339637.2
7302,245410.1
5684,205153.92
6513,240895.78
11342,113608.08
16561,224159.92
6885,174146.28
9308,174656.88
2559,164605.08
6648,172809.83
15260,165003.72
5113,194507.23
16492,196482.25
12034,274347.03
7248,205139.33
2171,199785.14
10594,166466.94
13241,207922.52
7032,139467.03
4884,164400.1
903,203544.72
162,164845.92
6566,239884.14
8249,145793.34
13106,163514.5
256,128859.47
7976,168308.08
8575,172250.44
7591,273751.84
3204,192142.36
15804,183970.88
1525,309339.78
9038,205179.11
13628,194057.73
10016,192175.47
10208,222748.61
2008,187165.45
13029,201777.98
5099,125400.47
9923,290007.38
9461,126224.57
11086,179628.34
15057,260018.52
10689,181986.12
2053,220119.31
16630,174795.86
4985,160359.86
13881,249563.94
13225,199103.88
5779,70231.73
10262,171214.8
10762,214306.28
9513,203494.23
11128,168916.64
2074,300304.62
933,193937.11
2780,180493.62
6594,114785.04
15394,267978.7
14863,129712.17
6698,201157.5
1611,244845.9
174,185093.14
5160,211513.1
3295,332659.5
4559,370476.5
8254,173041.23
10228,101451.234
13924,131416.67
15341,242153.11
4353,178364.73
4334,71539.46
1872,161619.52
7823,183305.7
310,166309.84
3704,241363.3
11615,307037.66
6605,212665.23
3381,183955.27
2143,141413.83
3191,258736.39
13980,137053.6
15613,162411.9
10943,295423.12
9654,186499.69
16053,399964.28
14931,220075.0
8299,215170.83
2147,165810.75
11567,316669.28
5905,130734.92
11160,121077.13
8275,147424.31
16398,260595.5
11229,174571.2
10309,148078.84
7340,266436.9
7653,168708.5
272,210165.97
9831,204711.22
5016,124239.31
5968,65337.824
796,248924.69
12123,122410.13
16629,184449.89
2637,163354.66
6194,203895.67
6216,367390.9
14346,168622.86
6428,136127.23
2891,228496.12
84,175037.08
9260,215281.78
15250,157052.7
2348,203321.03
10427,291383.84
13230,250835.9
1691,185813.72
8803,122409.48
5464,218576.31
10559,108316.11
16787,292406.5
4278,148834.31
6183,172267.33
12775,151196.97
10104,172850.7
13663,172362.56
9404,277682.6
14724,209428.0
10040,185169.19
4646,189431.73
4754,154493.61
3310,215953.78
2003,182978.56
7312,195402.88
10921,215304.11
13419,301965.4
10105,166297.23
2196,396054.56
12659,234291.56
4380,247254.19
10847,144204.88
10805,286975.97
8709,79886.49
8319,179451.61
2215,183066.98
7000,204628.39
7701,105377.95
9678,192305.48
14026,209969.94
7971,167293.34
13734,150370.75
16483,191741.16
6150,204190.8
2931,285579.94
5418,181801.08
1662,501156.4
2441,217175.73
669,159048.08
7734,179694.53
6010,326475.84
266,136723.84
632,128929.66
16221,108541.766
11832,167463.84
5035,125256.305
37,127121.46
6168,177946.5
11757,183679.36
8086,129902.9
6529,224249.5
15121,171568.97
13904,140743.64
3711,178209.52
16563,130479.8
14494,176014.2
3006,216970.03
15299,129507.57
92,278936.0
8066,183995.88
16071,205713.83
10662,178592.97
3883,216925.52
5511,130960.23
2821,274217.2
9570,190519.84
4326,246576.2
9251,223678.67
9031,199108.6
12689,170774.52
16380,268426.1
1053,244394.06
4568,176212.67
16140,109607.01
14356,403216.12
8466,181263.45
15652,147395.16
3285,123595.516
3198,158957.47
14088,412769.94
2268,120974.59
15472,216084.22
1203,220231.6
7157,342760.25
6886,201506.66
5083,253080.97
7467,123418.625
14068,197621.97
2080,173306.44
10865,155566.08
13516,178261.2
14150,206501.77
7609,114040.61
2144,399975.12
10357,191592.06
2396,235923.6
1526,395537.34
10890,256272.86
8638,424376.12
6050,229083.1
7639,103326.43
10544,198068.8
9577,233679.2
13195,210151.98
3484,220280.06
16668,428060.12
7171,176603.66
8547,210821.9
12735,211547.56
9093,189171.75
15323,329324.28
14897,139507.5
5135,127968.69
5327,215841.9
13133,245201.3
1676,287781.0
16296,276240.6
1095,149097.75
12528,150220.72
7348,275363.8
11663,164106.62
1803,211869.81
1510,248435.05
16045,176055.27
2900,149997.1
3236,169822.95
1318,244275.98
14948,221406.86
7840,305956.75
15325,180280.7
8700,141567.94
15706,189165.11
14449,159233.81
16117,190741.28
4529,181503.78
11199,194724.7
4052,379533.16
821,201004.42
68,227673.62
554,121901.44
452,189830.23
11394,320838.34
11393,170032.92
9535,155622.36
4024,182297.95
10069,218739.55
12007,158037.84
12368,423683.56
1259,359964.06
1124,289491.56
3707,183072.47
8767,159509.17
1919,166244.44
16741,156175.11
6664,272050.72
5688,362051.88
7799,146362.34
14843,326789.1
7532,161640.06
8133,155090.98
6264,295212.9
4125,169879.64
2410,173275.42
13607,212252.98
1716,269601.6
1370,145258.61
2273,401049.75
15298,330599.62
4284,247662.9
12303,154780.88
7808,134909.94
2203,135083.97
7237,128200.13
15864,164707.55
2844,169899.3
5729,171371.42
11812,414909.97
1779,153935.33
6442,137366.66
6160,225085.8
8266,188258.14
9903,155565.92
2867,132464.17
6998,171643.16
13932,167719.83
12587,171144.94
3611,253594.92
2646,305154.03
1890,159877.5
860,261085.58
14187,200493.4
12569,278496.62
1276,97480.234
12025,213579.14
4890,282789.3
14410,311556.75
10352,408486.75
11407,219961.78
10384,164785.11
7622,296317.03
12578,159576.88
15820,175259.6
563,205181.44
15226,158994.75
6396,209298.95
6247,143931.66
3339,156867.83
10975,261490.67
7475,108711.72
11129,244013.52
3051,251237.56
10232,221841.06
14106,179862.9
5502,225169.44
4558,69910.07
4181,142883.52
8426,127785.375
6611,166940.77
14641,143287.95
15539,255665.8
13119,146291.8
11716,199772.58
7316,249195.52
7791,109780.63
13034,339375.9
1068,248891.62
4060,173916.14
10172,219466.9
2591,182711.06
12494,348866.28
7828,351776.1
15284,162323.36
7947,184540.58
16335,223801.75
10234,310978.9
2797,254688.95
5341,235876.89
3059,244879.12
1559,71511.12
15320,269072.1
10284,373777.88
4134,214784.31
4481,219400.94
7222,163349.05
4062,265560.97
2192,197391.45
9637,188908.73
16236,167973.72
4272,159758.28
9406,303303.28
14309,233011.86
1946,289484.03
16235,230717.95
7146,156912.0
16784,230556.55
349,326155.75
6251,163199.0
5128,327127.22
11718,181524.11
16721,90882.414
12517,207564.61
15961,190930.08
9428,148043.17
14541,144011.06
10168,116638.81
11270,175999.48
13210,201696.25
11518,164016.5
12612,159584.6
16352,115381.94
9935,140946.44
15521,305538.25
11482,188468.61
11443,180758.6
9459,248272.95
9218,183579.19
854,141097.44
5619,141078.88
9208,189779.8
4391,141128.78
15207,155165.02
7183,180364.42
16442,215509.06
7936,85330.81
10606,377082.34
4979,164501.42
4854,279748.94
16476,126843.38
10516,161235.1
16261,252803.45
90,393163.6
5433,168355.33
14338,136155.0
13487,234545.06
8211,473709.1
170,167703.69
14051,105581.59
10686,212557.89
7595,288689.2
6777,371427.0
14661,166322.42
13991,301505.94
16795,166419.94
2740,128849.58
7368,390092.38
2413,233895.72
1852,482051.53
15200,240474.05
8467,312232.88
16379,257453.33
3375,178586.88
5945,457612.03
2641,186106.53
2837,307230.3
3498,199315.22
10876,150613.78
1285,228424.27
9285,229311.94
4015,327703.06
2526,184481.94
7814,200539.45
7117,310116.0
12359,117510.35
3303,235632.39
13874,166677.36
5484,191145.7
15067,154647.19
12639,217626.92
3388,233925.95
4256,197299.08
15738,165793.95
14049,159574.86
15780,185707.47
9564,170760.64
11910,193857.22
11315,219362.22
1733,159140.92
3910,317978.7
7552,451773.75
254,189745.45
5222,214808.2
8314,220636.62
16743,247231.75
10335,106443.76
8226,281992.72
12254,232359.12
13152,216380.52
15020,198725.38
16349,223364.94
11924,164894.23
12543,189055.72
14114,228387.19
12318,268845.38
15383,183934.16
6679,185959.22
635,177525.77
15993,251719.12
11375,184996.9
11216,186552.75
15401,237359.2
11301,146489.69
13804,270857.16
10839,188227.03
1588,324381.0
3596,193741.34
5816,173329.47
8099,144712.69
6551,191969.05
14075,511394.75
13431,193651.31
9481,322138.28
5295,156213.3
15859,358922.53
10634,327242.66
444,223119.12
11686,248694.5
1213,210254.4
13970,143324.6
6849,456443.9
9911,239047.27
5649,146241.28
7184,224016.78
5877,269781.56
1655,207622.27
15301,210805.92
12389,251206.16
5241,269940.97
7048,158359.92
10574,150011.53
8593,164308.1
4752,178369.69
14663,188131.08
10994,218475.06
87,77466.664
5132,124822.79
6372,398648.8
7411,304913.72
3319,272758.8
9355,125052.1
5139,251391.03
56,295798.3
3249,183089.55
5047,80377.57
13238,320502.75
2190,265859.53
15599,180374.95
6542,150689.0
1968,202850.81
5630,154638.3
9157,223982.06
789,182262.52
1413,250430.16
12514,266979.34
13459,141398.75
1345,245489.61
4034,199490.48
15169,146861.45
6770,236383.58
3334,181746.58
12998,156610.33
15870,238501.2
1871,150205.81
5770,173190.39
13196,109754.95
7633,205353.08
10699,218040.92
15470,183093.7
1903,494334.47
13860,196961.03
7649,142715.06
11043,199500.73
2922,239232.19
7538,406842.94
9477,120809.96
117,516045.28
1457,246662.5
7082,162196.89
3053,257500.45
12522,110253.82
5744,520120.97
13566,320011.44
1464,130591.45
3852,119409.58
9557,250883.55
14719,431174.62
13978,129147.52
3286,157287.86
13019,350051.53
1421,131501.94
13502,173234.52
14811,120421.016
9297,315634.75
7749,438218.44
16555,141967.61
14576,193003.53
12766,162320.12
4679,129726.16
10033,206424.16
11231,260263.4
15112,159731.36
10617,178371.44
2175,156955.56
16502,482024.16
10106,202248.47
12561,152940.58
15907,287577.4
8069,119304.68
8316,124123.22
12343,243748.73
12092,183930.08
1527,153098.22
10010,231204.58
655,99050.84
10549,131009.75
3248,113808.01
13499,301947.12
14959,201061.12
6070,162279.27
11360,240292.25
12102,198640.31
11870,281893.3
3713,110242.89
3230,145040.69
7742,213728.52
15092,335892.1
8728,300195.0
3386,145762.27
9409,146629.44
16545,248392.88
3127,161771.44
11344,162194.94
2112,199230.3
7310,217619.16
6313,208439.77
3681,374451.66
5114,285221.66
270,156311.92
14350,178761.5
12223,339685.94
1066,184768.03
16116,398432.97
11410,510024.9
4088,146516.36
5956,162745.56
14669,153335.52
13871,131087.88
4126,243203.25
12114,204895.47
16607,164012.39
4266,185153.53
13518,204603.58
11856,269946.53
3885,233282.84
8891,160676.89
4964,180181.77
7696,160082.56
6894,148670.56
9766,180938.88
4800,162247.19
2840,199067.34
4743,136699.33
13562,506933.2
8301,205179.11
5405,170458.66
1535,166767.95
9073,124144.93
1698,346915.47
12262,235914.88
6794,181717.58
12701,176286.66
8432,176363.4
13540,142409.28
8629,153139.19
1440,182000.2
8596,195645.89
9575,252529.23
14976,102568.734
3149,221214.56
5157,143912.3
10748,173819.98
9719,388205.66
6376,190578.89
9733,170366.3
4749,206246.67
4994,394861.03
538,215730.94
5512,135758.19
9778,133388.23
9761,133036.75
3174,401707.94
13429,204100.66
10467,72909.3
14129,191021.52
13608,211712.69
11106,157359.7
12048,170439.69
1054,329069.8
3582,224288.98
1566,153700.02
11529,150262.39
11859,155414.1
10582,145547.38
14907,455500.94
14039,160852.77
10489,167782.34
3331,325169.03
10153,242551.58
5271,150686.53
11871,369903.56
776,129430.21
3994,118353.195
9433,77069.84
14275,134352.55
8030,230060.23
8169,242667.08
8053,181261.83
4822,213544.47
13197,208199.39
13634,289472.78
8951,168113.6
12176,239879.34
15471,140037.6
14962,141110.69
12512,114942.5
8697,472768.62
7095,228857.92
13639,199521.53
16660,166533.56
5848,141371.02
5386,197163.11
10880,298582.2
3954,173865.23
13426,230711.23
5966,214053.42
16315,274657.38
7455,196832.7
11071,225207.81
14740,210831.11
16087,156162.28
8931,242374.52
15289,165668.78
16089,269255.12
12128,181143.69
4724,226544.64
8585,202666.05
7188,235166.0
5423,160586.78
10488,200807.33
5980,219536.61
8376,219993.05
12397,136247.44
16496,215556.47
4891,232897.61
9710,152263.83
6339,173634.52
244,208744.02
5002,238607.22
5358,167911.14
7636,152203.89
9361,306967.25
3601,133189.97
15755,156774.4
172,179683.88
3037,327963.66
577,252798.1
3607,193379.27
2515,104405.66
10413,156243.45
10511,236633.19
4637,440467.0
12736,279151.7
9534,234459.16
11641,182707.44
10419,252869.39
15313,181404.8
14915,188408.95
12409,351220.94
9405,129440.01
14066,224152.23
14108,177617.56
11931,235704.58
11464,328918.3
926,148474.73
11190,215777.69
10260,181536.64
12712,196406.75
1234,222208.05
11608,105355.09
3776,246908.2
4881,207805.47
10266,194832.23
3262,239574.16
3576,386884.25
16604,467088.12
8041,203262.88
10691,246553.55
8357,176048.03
11661,142924.27
4453,230759.97
15936,211014.88
8463,260210.69
15770,252369.78
466,162068.05
14965,85780.98
11227,180639.23
9894,263146.78
11746,188294.5
4118,143942.23
756,311414.25
15589,196011.84
109,354043.25
5778,198305.86
1731,84865.58
3450,140365.94
2961,204329.72
222,180210.94
11454,375285.78
7339,181010.83
12096,103116.31
14074,180053.92
4058,212204.08
6603,264658.66
3289,125904.24
16681,256041.56
8200,309666.12
3343,265218.2
7802,160859.3
2082,341234.44
217,242103.22
1720,172499.61
7224,245128.69
6176,139613.9
12571,264636.47
16666,368597.78
8908,212585.89
6914,175231.83
5428,177245.02
381,181717.58
3991,214391.47
16365,267530.28
1046,206278.27
391,152028.27
9212,324370.9
3022,189597.25
9961,106368.6
6764,281235.22
7720,169750.45
4809,210180.48
8877,294179.3
7817,172032.17
10614,107995.586
5553,243400.05
16488,132461.27
11002,167700.78
13592,344809.5
15050,231172.92
13553,248635.56
9041,188380.81
5461,414230.62
16274,398403.72
2138,104358.234
6245,158450.77
8245,176818.61
6491,209071.86
13218,166952.25
13101,106471.125
10462,143392.61
4079,174860.25
1506,449268.06
14107,124000.586
12215,279830.9
11576,325732.3
10567,230028.4
12713,212406.67
1468,467040.84
2549,248465.77
4172,228486.42
12380,222271.17
3513,100709.945
8165,230470.66
1127,200635.6
14601,426269.5
15526,311201.06
986,354239.34
14968,204103.69
9348,207519.27
6317,256061.86
7497,85607.06
5079,328645.03
528,175771.6
10964,150807.11
5812,320581.75
11022,181451.3
16251,134425.22
5863,113259.34
8664,201879.83
5396,179218.73
6917,231401.53
12776,125330.26
473,232652.14
13333,230047.89
13023,176567.22
7357,208729.19
10955,450096.03
11914,381014.78
12535,170824.53
11205,164791.66
13209,185610.94
16119,405290.0
2174,275306.94
4834,200825.78
10151,189753.72
5584,200553.89
6672,211243.12
12858,278802.6
5106,160273.31
8884,171841.75
13766,172078.34
12556,116738.78
12910,223704.73
6258,123781.266
7100,242051.12
1793,181179.36
3335,188378.9
12835,184869.7
10591,164003.05
15707,278191.6
16389,159608.1
7440,397536.06
6293,177855.19
3937,195548.3
16527,206563.27
5102,240141.8
10734,310677.72
7986,157167.08
6495,114618.016
9571,267183.38
5131,200017.3
10761,316249.22
143,414893.3
13829,156845.61
13662,226389.19
1771,149673.02
5448,193784.2
8594,161173.23
12038,286755.0
16471,165957.94
16764,143793.86
1282,173157.45
15101,251312.23
9473,139210.9
2324,317269.84
14448,216972.81
6000,72790.914
2077,132588.03
12960,223604.67
15837,199649.56
8805,255250.94
9987,232729.05
1580,338095.28
11089,124561.52
10926,217750.34
12773,420293.38
6490,280689.5
10858,124355.195
2831,145242.56
16326,150324.6
371,200326.27
8852,207449.6
6713,264550.62
4230,197561.56
3639,215680.62
3642,183797.17
5149,195899.53
2861,191100.83
13300,100441.61
2807,320513.66
5919,105969.44
12716,506248.9
4271,242948.56
16055,246418.56
3747,203815.66
5857,256170.86
6884,351666.22
16027,273078.6
3512,326557.25
5181,163999.9
16732,254449.25
1908,176139.39
12082,166958.12
7286,145065.0
8216,141810.16
6929,307316.94
3950,329396.84
12479,177555.25
877,132151.66
1366,181518.56
384,141305.5
5767,225364.73
6910,151951.61
187,198451.03
10164,253010.62
8603,209874.36
15834,203103.19
3078,125719.586
3479,238684.9
6671,201602.12
6078,189286.34
16271,120037.9
16191,151180.34
11544,162196.55
7781,179928.64
14918,256278.39
6238,175100.7
12989,224025.42
11907,202653.88
9696,153501.1
14084,327021.22
3895,164434.7
4367,186151.45
8453,69001.71
7638,345992.9
8373,233045.39
4674,184849.23
15787,157710.78
5903,240955.27
13679,196513.97
9018,396431.62
15823,275888.44
13289,144462.69
9896,201281.2
14436,193207.16
5547,232096.72
4048,389180.06
16579,199905.28
8550,203482.61
9385,287250.3
5242,148009.78
31,226032.64
6144,312860.9
3990,195805.48
2523,83129.82
12608,258417.47
7234,185161.73
15264,204075.23
9623,212248.16
3161,328343.16
7425,103420.12
13021,288425.44
4044,149893.69
15411,240134.84
979,306320.16
5514,241163.75
4817,159580.98
2115,184909.66
10571,331641.03
8992,221172.48
15546,189155.4
11359,127591.35
11972,171340.5
12838,167247.34
5948,128279.586
422,309505.62
4855,163396.25
16197,111078.26
8926,419639.78
5703,171569.33
8848,207124.67
7039,301972.0
3806,160573.84
15154,195774.12
13132,190394.27
7438,199511.45
4398,218923.53
2440,184740.06
3751,148696.44
1476,169033.6
2264,296530.75
16444,164768.44
10704,152829.75
4033,134997.5
4508,124801.17
16290,227079.3
10387,206051.08
5457,144558.0
4910,277923.56
7451,190772.06
10732,169900.39
8015,131279.55
6148,183520.62
5892,237368.31
7825,213096.47
6851,224976.38
6633,211175.69
2139,269780.5
10213,279798.78
2830,240278.16
13907,139212.0
15897,348517.53
8311,188444.23
14230,177442.25
3878,185930.06
13732,177937.6
12110,163959.95
10675,345423.28
12946,131423.16
16754,230053.22
4394,267002.25
16728,166030.8
14378,336955.97
9949,165064.3
994,170790.02
13258,154713.72
5883,401315.78
6933,340585.88
13193,207181.33
13286,158810.77
13407,377626.28
7512,120323.98
7221,203936.08
14428,162470.08
1740,185618.47
3,141841.8
12952,216730.7
11537,129805.336
2558,140354.28
14081,263958.3
3517,234401.94
7149,228286.84
15777,112287.34
8995,243212.88
826,406747.5
509,272265.9
14875,296696.97
6591,157317.48
11283,104540.93
9897,246033.31
14902,180061.42
14291,163637.66
3162,226295.88
4206,197158.31
11580,197274.38
2007,264550.62
14939,225684.7
13572,185514.94
10720,155871.05
4253,297602.7
10857,114908.664
6254,193468.39
14681,233152.08
8080,140545.25
8006,185040.88
13135,172931.58
4527,264825.0
12688,206763.89
15920,124669.5
16786,115678.45
16637,164962.19
949,153284.66
10696,270749.06
605,240220.14
10819,207658.02
9490,164260.69
1813,230117.05
15958,338646.6
10873,355758.9
14381,210455.73
5745,131098.5
286,258757.78
14799,268434.03
437,154187.44
12172,76969.734
8534,126462.32
14463,426658.3
13672,169842.97
6720,210059.17
16057,203053.69
2659,489644.4
11649,150974.28
4478,127607.3
555,329298.5
4819,269343.9
15188,355663.88
16115,183203.9
11427,131409.53
15483,158824.66
829,180972.1
13576,275667.62
13810,213274.98
1052,137220.9
10673,149118.75
8525,390642.8
13154,269021.8
13856,150540.12
5125,235982.06
5551,264938.75
14262,209301.9
8872,142177.4
10341,218075.39
7231,156937.0
10950,213902.36
4031,149045.23
13852,126233.72
5886,273771.06
859,410902.6
9436,180536.2
13638,303450.0
15337,200459.31
5506,245327.11
13550,105164.24
12630,154464.31
6466,130475.836
3282,141332.33
4474,147146.94
138,227745.98
15490,190627.28
11584,247883.02
13309,147368.28
8860,341611.0
14037,203579.2
1329,228630.7
2198,554323.4
1210,339866.9
10076,197368.42
6692,325507.66
6074,101037.414
13921,198069.95
1646,324268.12
11676,212674.52
683,104223.766
4839,125302.78
12392,157758.75
5206,193252.44
9104,328585.0
15554,196591.36
1590,196332.97
7894,324175.94
9286,145030.42
15364,352935.72
8260,258767.19
5746,129336.43
3357,220265.75
4755,176408.4
5896,134470.08
16520,192972.16
8880,217062.66
9321,216671.0
16463,151416.48
4861,166064.52
5687,234194.73
2785,299278.2
5571,251091.05
11070,510269.6
11577,222513.56
3993,152738.16
10908,219106.11
3696,201221.77
1755,141245.42
4053,204881.69
11954,240640.6
15294,183317.77
12452,202114.38
2202,146383.7
13564,202954.4
5134,243628.19
7447,124179.766
5929,141243.36
16714,183216.34
13005,293276.94
11740,234639.22
3535,174341.45
11837,237145.08
7382,200862.94
16709,210844.69
5908,253471.11
16333,198709.05
14776,234111.84
831,178932.3
5944,183651.9
1764,312775.53
5782,143898.03
7091,276144.84
7871,174206.36
10449,166251.0
15137,105481.555
2181,309965.9
8667,327790.88
4207,233637.61
3528,194593.36
5611,134337.25
5894,205211.58
14255,167254.58
16064,120026.195
5076,218238.9
3537,68013.664
6369,113314.586
1938,204759.1
11844,258753.38
7717,89744.164
3800,423752.84
6897,206875.66
255,282532.22
607,212123.42
6368,254433.9
15211,259987.19
13229,169786.89
6091,267324.8
14260,179395.69
15104,126884.664
7378,88474.734
12575,168128.94
137,161755.62
14572,214285.66
12530,172301.84
512,205041.11
7251,326710.8
4545,333035.2
14928,480121.8
3934,174465.61
12097,365585.3
10979,186441.47
16455,273726.12
4190,141581.14
7577,242001.77
11609,291706.4
2346,187118.56
7363,297499.22
13535,180586.5
9864,194349.75
16645,390047.88
2689,391106.34
5994,131712.39
14493,240022.45
7391,190191.38
13674,203991.06
7137,261385.66
5438,180008.27
10693,234233.95
9037,362302.34
14329,268654.44
11660,401958.2
9734,150559.03
12046,203806.34
11704,288559.56
7843,162733.39
3499,152111.95
16012,80041.99
15759,363048.7
10884,170092.95
9115,88424.8
4066,307779.53
12745,198598.55
9627,246925.92
12977,241637.08
7620,90569.43
11955,175632.92
271,239861.64
16091,296431.66
2193,401740.03
6190,162726.77
7071,199190.52
14320,101615.72
15578,159421.14
267,146674.45
1930,198706.12
7426,148402.62
13890,160010.73
4176,171314.22
5453,180695.08
5526,242596.55
8780,254452.8
10299,180996.97
959,406076.66
3458,146191.88
5363,393244.84
9281,156267.48
8076,185331.5
2492,277575.22
4746,141134.83
11380,230509.34
10881,194762.05
16392,197963.2
8071,161093.78
16740,123849.44
4846,276268.72
5299,304074.56
2046,242132.81
11623,229657.3
6539,134192.8
12234,224696.9
14240,162861.81
3443,127734.83
2127,234233.38
11259,136187.0
7889,117636.98
16655,229660.45
15790,126817.9
3686,126918.81
4392,155332.05
3103,233756.75
7047,194276.27
13014,346002.34
11269,396153.06
4304,398923.56
13513,197479.5
12969,103254.16
6966,207301.34
8883,113663.93
6064,207009.11
12341,204579.78
10107,240933.66
130,188770.11
2406,360867.4
6089,227333.52
316,120873.64
15812,272478.7
7053,412793.9
14691,319227.84
11881,158682.36
13503,177047.75
9569,184576.16
9846,347175.5
14415,182481.0
14873,209369.44
11180,324276.78
7256,185663.34
3721,186424.4
1211,223289.28
14887,201416.9
16220,415125.44
15451,168714.53
1602,243498.0
8917,298304.25
15595,111204.9
15242,181015.3
3957,220432.69
14923,94131.49
3087,163199.95
12959,472183.53
13631,153761.7
12704,285706.44
15197,175407.05
12599,189904.1
8761,190446.45
13013,164993.75
3464,197128.02
2366,155212.94
10845,149480.0
8092,189938.23
10528,199442.66
7132,168062.84
8958,180900.39
7959,112604.0
4847,221977.2
1477,379350.7
8264,346049.9
10048,139630.3
10492,260909.84
3859,415913.28
8676,487639.56
8146,239166.86
1619,275005.53
12609,111663.766
11001,197415.05
3644,213870.2
8362,279258.34
537,151114.81
1298,127126.96
1023,281456.62
8659,223904.58
11538,189843.2
16036,166224.86
2392,328055.0
12099,367530.5
12935,144116.72
1050,125743.81
3068,249076.44
2083,161717.98
7652,289801.9
8696,242406.4
11183,424769.44
11386,143318.3
10752,355002.22
3371,338680.62
4149,179730.44
16775,175587.53
12187,157953.19
14421,238910.1
13693,206703.73
6560,220659.23
3497,189192.88
3396,138700.4
1223,202540.2
14796,182320.28
16190,271539.9
6060,280290.25
10111,186365.25
10983,163201.58
11228,184863.98
13208,257563.36
525,470052.66
6923,154738.45
6785,189108.55
3731,232096.17
16577,232657.56
6518,224153.78
6610,172701.56
5509,129669.19
9942,325834.16
10148,251160.31
5351,129351.66
11029,120574.73
6561,144814.36
10056,152871.97
13913,158842.27
1906,149539.48
5081,173226.86
6341,316054.22
1859,177631.34
3336,245387.19
14163,145028.62
6204,362017.44
13285,198136.44
11492,226070.38
14596,106947.195
4696,363396.12
4771,259144.14
11296,127513.97
5851,168790.27
2850,201876.44
10011,155750.03
5988,175085.11
2316,79995.336
3211,181165.38
13525,162131.39
6383,138819.64
1420,206228.39
11748,247739.38
4222,231968.11
8363,231626.7
4412,242478.38
14384,154515.06
9844,163906.45
9315,238923.16
11604,207794.05
10644,230574.8
12995,184702.9
16615,351363.72
1959,203249.17
14562,203337.11
11934,253355.77
8494,176161.1
4255,213927.75
13000,180731.58
2461,370065.25
13661,198388.22
2886,225910.62
519,190554.02
5440,200116.08
10353,158189.56
12305,191662.34
2983,213579.45
12032,202336.56
743,260335.36
8250,120801.516
7890,161160.95
4722,457425.25
15358,176164.47
4183,187178.64
3970,337310.75
303,206075.1
2207,274406.62
4022,156387.67
1132,191549.97
12278,166963.33
9280,145941.53
14940,464656.9
6413,196971.75
15213,338147.56
9656,209925.66
12036,306730.03
3151,179367.11
15530,172333.56
13263,129373.36
6750,170259.84
11488,417024.75
9532,162439.1
8462,192044.78
11494,397847.22
10270,117302.0
5476,108974.17
12486,386777.97
5501,118060.2
15871,323809.0
14733,193207.8
6103,224097.11
7911,193969.83
4359,278246.53
9595,175028.36
13851,250138.31
7854,202948.73
8684,181831.06
15239,251390.4
10012,198900.31
14995,319087.5
9791,166833.23
5567,215578.03
10883,168942.0
25,162973.4
939,166408.56
9919,183704.31
6321,256063.3
16767,317194.34
16464,101151.9
3170,177904.61
1522,112640.49
5138,329327.5
797,146198.61
14586,89610.69
2872,191353.64
4259,167275.4
16616,273190.72
16512,182723.64
9663,197191.19
245,221113.1
16369,213755.72
5254,408869.75
8672,140881.83
8004,253973.48
3109,267198.5
2588,329041.06
8814,315480.97
15888,151548.69
14668,123476.14
13432,438044.2
7981,73662.98
2048,225574.95
1667,152976.73
2349,105273.71
6136,182183.86
8166,193531.86
1709,329243.56
14649,166236.98
9187,234880.75
2927,181523.61
10220,143067.0
6331,444230.12
7044,173482.78
1736,133604.28
1840,90048.13
4852,240259.42
13311,154510.4
3330,176783.36
7004,391339.7
12472,173743.27
7664,175208.33
16537,207552.69
15032,442135.03
5325,248470.36
800,225986.03
1438,161651.84
3953,145531.14
7135,263610.62
10371,101079.66
709,134670.67
4836,236054.95
14709,229734.06
2216,294637.34
11948,242392.02
5221,213110.95
159,358633.5
15775,143780.02
4818,205570.44
10222,222105.58
9867,206124.62
11763,237961.64
511,168592.75
9337,169716.45
15529,269486.3
9134,169492.14
2759,127390.54
1458,163477.39
13261,199174.44
11772,139111.72
8107,256911.31
13847,207062.7
14414,447460.3
12833,90066.44
5282,290309.03
13760,235871.45
430,193234.78
12580,178601.19
10985,395856.12
14321,130584.09
15960,407652.0
4803,234111.73
6741,143916.06
4046,174321.08
5060,248824.38
9593,292066.75
8088,234829.9
13888,181350.6
12065,242344.03
13336,196391.66
2449,188134.78
7499,247696.84
11082,145950.88
211,128936.65
11469,152304.14
5452,123776.07
7732,182293.36
10080,202027.25
15088,161846.3
6112,206051.08
7903,244263.98
2249,193282.28
79,179772.2
13941,144100.97
6693,213417.28
1156,314178.72
3877,167158.2
2864,162144.58
4519,130365.375
4712,147777.88
4642,181044.73
4766,203109.64
2429,284404.4
12013,233672.03
12309,247675.11
5505,124184.66
13711,167648.27
10483,345310.47
1648,234367.38
9391,194056.36
699,214762.28
7034,369623.53
10415,334485.06
839,233938.06
7602,205858.02
15682,251144.14
16354,310763.1
13686,174698.11
5026,211601.12
3081,247718.83
5009,169397.52
4173,384251.03
3228,174181.94
15482,344524.5
5700,212030.2
6252,178236.1
8207,90867.67
2984,142968.38
3507,389701.47
15950,89509.234
13377,261809.6
15594,187445.22
11798,211518.3
13493,165527.6
4976,167175.17
3771,197668.0
1107,166941.56
16171,344642.2
15257,184977.64
6221,198784.72
4936,205185.12
6343,175981.81
16109,199628.97
15352,248419.5
9489,190792.8
14029,208936.89
4879,317730.06
6828,134558.12
11950,90135.59
14964,153684.03
9074,168187.8
10514,207242.17
10702,185029.66
3476,211456.19
15469,320619.22
5608,175524.9
13446,491350.28
1683,213818.17
6759,118829.016
186,231567.11
7822,69858.74
7017,290976.28
1944,192285.69
10515,235580.23
2824,238884.23
3649,162224.8
8228,210597.62
6599,402595.25
9165,185503.12
12316,384662.6
11720,182273.42
13943,178834.83
15315,136290.14
14812,313670.6
4799,344166.38
2600,276182.3
5724,101149.92
3033,315584.78
2985,160496.56
8885,147640.44
12691,196431.73
15079,166074.72
14599,155743.17
7681,236616.56
5849,167821.69
675,207464.1
4343,150671.62
3122,190448.33
16602,180168.1
2211,193696.03
12965,147887.34
11016,69797.266
15756,155968.44
16151,148334.17
10746,126854.055
14130,162628.86
2231,186425.19
12325,186882.78
8949,332011.78
2859,132333.55
6797,251796.02
5793,259282.2
1000,281494.78
7364,150969.34
13802,237328.72
12755,302120.53
10782,162580.22
13169,93998.805
9007,307724.78
2118,182607.86
14517,195128.23
3001,168980.72
11913,155389.1
4030,243175.95
5323,173442.98
3572,133441.78
10290,170685.02
15321,306212.44
12795,195943.4
8845,205871.39
14559,215040.1
1435,269645.94
6180,185339.4
10590,189561.19
3889,156710.17
13160,192707.88
15254,208070.19
2436,165258.47
1770,245828.4
912,335514.12
12385,156807.44
2188,169058.97
13444,334701.34
11487,250073.1
14836,274678.06
4923,104646.77
15779,120902.26
8900,191523.84
10932,179031.2
6085,202398.94
6762,121501.195
1005,363473.9
16552,177954.14
13248,273234.53
6580,192154.92
10706,218598.6
8539,168282.92
10743,414390.62
9243,114012.31
10609,145601.16
9638,219450.7
5399,238030.55
1222,330143.25
4124,192922.28
2131,205009.33
12869,320709.53
7899,137611.52
3251,332981.56
11088,191234.72
14653,249374.44
3010,200822.42
12160,231545.8
6288,256806.9
14890,192203.75
13437,178135.36
2385,211825.19
16650,184306.84
10159,188690.14
7940,236864.02
12953,388903.72
9803,353538.16
14247,216038.98
5251,131192.27
14337,235371.31
9967,185757.77
4618,133730.52
15378,429161.88
8963,185635.58
2472,206527.75
8736,115984.27
14823,123657.7
8675,170921.95
13596,128026.48
16487,117740.234
12629,220850.4
11965,189925.45
4136,374415.28
13012,166230.12
5309,197104.9
517,347159.47
9553,155653.05
10120,116652.95
5991,217926.34
9862,171028.9
9420,178606.81
4968,236564.64
11904,328306.8
15824,164227.1
9365,145486.36
14879,181680.34
8205,236764.19
15184,133424.1
1918,239446.6
16013,248269.25
9802,180245.42
13752,249862.84
16156,184668.47
5194,96285.52
2746,428560.12
15982,207252.55
5605,190842.38
8288,212629.02
5707,375583.16
7933,206620.58
8324,245589.28
2506,149483.81
12293,177673.7
10551,154312.28
5346,430024.44
4197,235110.11
3237,141754.48
3390,396857.25
9751,167213.64
1391,255703.1
1928,210063.8
10992,295138.2
6792,276594.72
5663,194997.86
13280,219400.25
5218,70484.67
16748,262402.5
15835,215069.0
14850,218733.84
1359,171505.02
7428,205882.4
4201,98968.85
13089,71881.195
7182,160351.98
1467,403076.66
9829,192986.86
4344,188644.67
4129,158174.8
1905,181368.6
93,345901.84
8320,197342.58
12070,176606.38
8290,226596.72
11005,236636.28
116,192896.05
12275,314670.06
12588,494322.97
11378,152051.56
10961,227618.22
10251,230103.05
1152,267384.5
12167,190527.27
11569,216051.78
4141,382279.3
7614,116362.35
13805,98120.97
14680,158748.52
13543,391403.47
6786,177701.84
13529,205277.6
9158,89525.77
5360,200957.16
6098,237673.56
11174,192896.42
307,143287.36
1892,183947.27
6948,247834.14
2227,149681.92
12790,255661.4
3653,176472.72
2912,202380.83
16735,119665.89
5446,184057.56
8532,228008.44
10311,356621.5
10051,180286.3
918,155653.12
2766,142083.67
734,185901.4
6882,401099.22
15971,173282.48
1735,292262.53
442,172272.5
7228,234990.53
507,183011.98
8461,175509.08
4514,271663.2
4133,112063.02
14803,177382.95
14297,270715.47
9924,214025.47
13797,406125.9
8497,257258.11
8729,130261.29
16046,148312.31
15087,175664.12
2874,172244.98
7415,227954.9
13893,168604.92
12611,143307.58
7779,244931.52
8221,180647.39
7790,144413.38
12728,419139.38
3372,175611.19
12845,164633.92
13107,293762.22
2475,237167.89
5820,168350.97
14505,104432.03
382,151416.77
1339,157466.86
4940,210807.42
1481,68578.04
9025,270399.38
14636,163706.17
10668,128162.68
2025,205466.56
2910,165427.67
5836,203062.67
3444,139243.06
11165,233906.84
16000,177500.6
5281,400552.88
15350,254582.95
7321,226888.6
2863,222654.33
3563,169071.86
5094,223773.45
1027,221625.92
7953,232383.44
1788,203408.17
11061,176943.89
1839,308997.84
7766,173147.66
2250,204166.33
14701,147298.98
13149,261517.25
14040,189901.56
13370,233939.19
9312,433689.2
10493,167905.2
11985,212527.97
2698,215003.61
4659,173659.5
3002,148213.12
4795,245348.75
3986,131089.36
1753,439031.28
6681,198898.64
14801,196447.17
14252,272369.1
5017,143930.84
12267,277108.62
10681,170999.52
10800,167731.58
13910,158904.78
355,207401.52
12255,155568.03
10435,197980.5
13840,294088.75
7656,400197.12
1659,189512.73
2333,151567.66
4580,296694.25
12699,72103.195
9974,116699.12
14083,303754.88
15347,436109.44
1473,317147.22
4984,233358.94
9203,182579.56
5806,168829.8
5590,186352.62
4509,277369.88
763,211193.31
3067,325183.78
1143,351138.25
15403,189164.23
10793,220388.3
4849,72635.85
10717,170912.84
5430,162340.27
5874,418428.22
11286,202720.17
4407,132907.78
11998,247435.89
1131,225735.3
11920,248023.25
12404,323555.34
6552,188173.98
8459,190174.86
4704,220417.88
13883,177554.72
13830,171630.55
13273,224697.52
11323,152857.83
13257,117504.086
15846,163988.11
9132,297165.38
2909,70474.17
15927,184517.42
16500,262953.7
15974,169906.33
1278,182378.02
2893,205529.44
16128,180376.7
12794,225954.03
1341,352156.1
9219,273554.94
2982,181580.62
3113,164069.62
14358,189417.23
295,173107.25
732,219930.33
14926,166220.39
9155,369822.34
2045,173786.7
3879,309473.56
5361,342545.78
9750,407047.56
1711,211604.4
13269,149272.27
7020,188308.02
832,164809.22
4009,198562.55
5184,272742.12
13844,174934.73
12471,270151.75
1294,213099.69
6058,242114.81
15614,130635.77
7214,243021.42
9841,213364.67
4639,198029.39
5018,167167.94
1139,186706.14
2896,111261.53
7987,192522.88
13272,242634.25
13454,175789.88
14287,145904.39
414,377527.7
1524,117588.28
5818,129916.68
973,161115.47
2888,265138.25
6269,321954.12
7343,160760.34
14834,174209.62
10672,284127.66
2595,225455.61
12843,166083.86
8973,125491.945
13539,408042.4
12351,127497.516
12322,174248.4
13659,520428.2
14758,143212.44
14157,205114.67
9874,102447.3
11513,143528.16
5034,193258.45
6779,261081.58
8009,322926.12
891,286275.34
6663,183559.9
11506,224495.84
4740,263211.6
9254,316206.4
2609,209610.14
13601,127471.25
3862,207193.33
16490,209455.7
8819,183136.08
6836,170863.95
16232,189176.1
15988,138925.27
6009,215209.0
15339,178815.16
2953,125682.26
8340,183574.98
8723,213456.44
6760,228630.2
7960,137556.88
13358,332681.44
2009,73386.39
9977,182317.34
12445,303218.9
11130,279701.47
9205,363709.47
9078,216004.98
8317,160032.56
13108,306275.56
15196,189348.73
12406,145000.78
5946,130046.92
5538,217628.83
16264,221456.66
3752,215386.11
13995,179515.23
181,230309.64
13304,187077.58
4262,228374.62
11552,206301.36
817,414925.72
1198,227216.69
16535,70059.695
450,178186.89
13207,182396.25
1551,201228.5
250,197475.33
11528,176379.98
16350,160319.64
4573,139073.11
7990,400074.94
2372,197652.81
193,213033.97
8713,203315.12
7617,294404.6
1215,137308.36
3107,202820.83
8756,116638.81
15942,137547.88
7540,277346.66
14629,149753.33
8109,203447.75
10816,383778.47
10205,370354.94
4462,207971.05
9908,175201.55
11376,193601.14
16108,214913.28
13832,144121.95
3744,209123.86
15265,147874.19
5422,406746.75
2941,184163.69
15866,160265.52
15172,343339.7
15904,222905.94
5679,227070.56
5825,255507.94
3958,342490.0
8591,264671.78
1475,297077.03
2397,239526.5
12419,229532.33
7533,177895.88
10339,265999.22
8760,167387.92
13040,143221.08
5620,170022.16
4840,159657.34
10464,168900.48
7543,182702.36
1320,91047.28
2272,133828.22
6550,118595.56
4518,295753.7
2340,221630.6
1484,186245.2
1233,176309.02
12897,284366.84
15344,193799.25
7061,205463.78
13807,213946.17
487,160607.55
12297,163314.08
13452,179841.55
5624,175132.9
4483,124881.38
265,154749.98
503,208723.2
8919,254320.42
3102,125335.98
5190,388151.8
7699,194548.97
15080,216655.17
2439,280393.47
4387,274710.84
7427,155540.94
16056,182640.97
14546,343450.88
12353,183105.05
6991,257393.12
18,233395.98
459,282407.7
433,235507.1
12001,329207.7
4428,116606.92
2650,153655.17
5652,108772.75
9455,504103.5
469,269201.8
14997,186947.67
624,158489.89
798,332412.72
12317,122861.32
9011,172254.64
2923,247872.3
7130,139496.1
1616,136487.86
134,230260.62
7463,331044.53
15732,359408.94
3275,229329.95
6621,216361.4
10570,183908.34
6105,154034.12
6858,216926.27
1929,223652.56
14583,125441.67
354,193404.05
6378,165436.31
13192,72907.09
3602,346025.97
9148,262438.06
5459,240326.89
12800,217628.81
11077,198794.38
7301,319272.2
10775,324916.9
15009,165837.83
8770,267023.8
9996,330905.75
6810,167316.78
11364,249233.38
7252,116760.98
5910,231245.84
13187,336207.22
14678,189286.03
426,173026.31
4099,211860.03
13496,181462.73
8005,188000.89
9467,303490.78
6732,160986.67
11617,166933.5
5439,212608.52
14195,129809.336
10131,310721.44
12788,160056.27
13988,410011.8
12153,239050.78
6270,249706.52
10988,156844.05
8,323673.28
146,266076.97
3764,336584.66
5118,416966.47
11023,202995.92
2951,162424.84
10101,172429.42
4729,220054.88
8148,192630.14
15305,422328.03
8325,163358.11
1935,395261.66
2839,138832.45
1845,147019.12
2842,202898.38
14019,192963.02
11188,237198.64
15199,147337.2
12563,151442.3
5231,340208.06
7555,194346.11
10436,188625.58
14610,407127.06
5912,237699.08
12443,205604.8
15918,96698.516
11051,324395.03
2714,273790.84
10766,279248.88
15508,196968.84
12118,293732.7
9160,177554.3
12019,160936.25
12062,293957.6
9176,280719.78
6135,305022.12
6563,153128.23
5962,145056.88
5783,322148.4
2580,187964.11
802,248893.97
956,277793.94
8690,203403.39
1228,179722.52
15046,264078.75
5603,251843.67
5199,156983.4
3842,172040.38
7671,395528.2
5214,102123.18
4381,428423.1
4620,205726.33
6289,314555.8
2692,342200.2
9671,374938.4
10115,186873.11
3164,316133.25
10277,179039.73
2836,163507.84
10486,128691.52
13313,281675.94
928,203073.4
12266,286274.44
16085,177230.94
2260,174161.25
751,401487.0
5943,295692.38
10141,139998.17
337,163748.78
12212,182065.27
1910,192195.2
13403,355557.72
3061,201126.19
2733,140712.58
14115,181950.73
2446,218003.64
2183,183975.11
1926,226058.72
6044,353558.03
6783,205340.7
11437,155472.05
10625,300431.62
11817,230854.11
10545,289078.66
3133,167679.11
2690,165290.8
12705,193122.52
4707,168653.3
8509,415033.47
8065,144955.62
14342,179621.94
7809,89538.09
9403,178185.23
1874,158689.25
14313,152212.25
16466,186742.25
10740,178160.33
336,242340.61
14024,173668.02
11170,312383.53
4606,223857.78
12470,241960.1
11636,196917.44
11761,204898.62
4609,164899.03
2330,229533.73
14557,314285.12
1409,172423.25
11189,121088.06
9899,149760.1
5032,132364.83
13387,220678.42
7565,167945.52
3409,181929.39
2898,200786.55
6632,220421.45
2029,184707.03
13254,100261.05
1663,173217.12
16706,517793.75
1723,134058.97
10023,193722.94
11903,154936.56
12450,200820.77
15580,108796.07
11011,138969.9
16756,127126.58
13366,323289.4
10440,139417.12
13961,128572.61
3015,218159.33
5648,211531.0
11547,270212.28
12886,122792.93
9198,127003.62
12434,271743.8
10605,270144.75
11593,128257.92
866,109328.71
14734,106320.97
5038,208796.77
5702,337013.9
4937,327915.38
11820,194362.62
106,202378.88
7736,204769.78
591,162283.62
11462,176811.88
15858,271894.4
15205,307701.56
7607,219587.14
3457,151856.33
9129,181123.6
4161,178768.5
13565,129564.445
13575,142369.31
7522,331929.22
1419,225467.86
13109,259681.2
11539,217908.69
15627,127697.34
16080,241851.56
8818,152479.88
15655,210773.23
1649,69984.27
7741,192291.45
15168,229852.86
12810,419785.47
16689,166399.12
9976,185135.84
907,191682.06
13986,317711.53
2710,350449.75
12889,178380.89
3214,135347.34
10022,374334.06
15217,175646.16
15719,171832.0
4515,150717.31
16716,124032.57
14523,205596.67
9989,380206.6
13618,88563.88
1158,200490.72
15397,407790.88
11680,162835.34
11329,235907.44
7431,265922.84
4539,158904.05
8543,159894.12
13784,239437.12
1073,327201.34
5334,196060.33
14316,154995.64
8350,187326.12
2838,161080.84
15543,145398.12
11933,307509.6
2932,262255.8
5859,160358.61
8102,163132.12
14265,147257.75
11906,382615.7
11418,209493.73
15990,214924.95
14498,191458.44
2076,78670.48
14742,163468.31
14578,149144.31
16733,123289.734
10126,208139.3
8331,425649.4
12233,170594.86
2695,265726.62
11610,272953.34
6902,151742.17
4109,172575.28
13330,222187.5
3320,162721.36
9,130038.44
16231,137296.88
13771,142107.06
1778,189996.39
11730,181500.31
3543,203201.8
423,279898.56
6957,154994.75
12076,241664.47
4974,201241.47
5546,235288.03
4064,193869.4
7924,264883.03
6776,168356.31
7410,158133.14
8956,176351.05
4709,154216.73
11148,131635.64
14788,124341.83
12876,127734.49
1596,239440.08
16214,437265.78
8752,144802.2
12644,192536.08
4198,87136.125
15592,178835.48
10685,178014.27
14466,322024.94
16434,242491.39
14341,223490.11
12708,147171.9
13262,344622.16
11318,207672.8
2033,192539.6
15857,250146.66
16554,319916.25
10771,271082.78
15708,159185.8
11637,139762.61
2870,207484.86
7582,206107.97
9739,256538.03
9342,276075.6
6338,242563.81
13046,174567.69
12579,126504.66
6342,421855.62
7160,182584.42
1324,187775.86
12991,185879.86
13756,128637.805
6019,173977.84
10078,245356.56
2343,155254.45
16275,241570.36
5696,407547.28
1,246583.25
2248,230877.33
15628,144597.56
682,180213.77
14884,194951.8
11031,314377.28
4001,182194.84
8533,111040.95
15147,168695.72
12747,141413.83
13168,198685.92
12829,214007.38
2675,251965.77
882,132672.98
14577,188631.88
7264,164019.47
13799,211257.73
2219,318522.06
15208,427971.75
9178,173211.88
9876,228040.67
14506,160094.6
1695,167066.4
6661,116371.195
12200,198891.3
7963,207375.98
3209,187335.48
8164,283575.34
7584,279016.88
7873,263133.4
11212,257309.53
13736,232911.38
626,202061.66
6284,242765.19
13728,176151.22
7099,267545.06
1618,289479.53
7201,176694.66
5902,164402.66
15739,250766.39
9546,107353.25
9505,195063.12
7818,350786.12
15324,299445.8
7289,151478.84
4548,215467.61
13058,144707.4
13623,158904.86
2668,176143.19
2799,172683.98
3867,287293.0
8658,143876.69
9543,190029.81
987,395029.44
6209,152240.83
7939,137618.17
16478,337326.6
4258,162384.7
12738,335789.4
11027,122560.89
1741,162265.56
16198,207039.3
15975,265722.66
9224,143635.8
16792,161798.73
11729,204873.27
13121,230799.83
16528,165693.38
15677,329980.25
15433,258540.9
4,210298.5
12408,196785.73
8441,178878.58
1624,217243.16
16449,155459.02
6872,250391.56
12271,175382.53
13396,179911.52
15833,375722.25
1105,284870.12
4106,144838.88
3031,415416.28
4546,175091.1
8258,70723.266
9946,236931.58
8027,230408.92
6337,143668.58
10342,187243.88
1885,215308.48
619,393031.25
3531,150972.6
11357,189572.78
1380,194593.02
5691,183969.17
14780,359469.75
3930,268621.75
3148,391173.1
3830,116324.336
12670,110127.73
14274,299143.22
3438,270384.75
3242,122842.96
5470,247377.7
14237,185886.47
2431,282680.88
1425,135221.67
14227,377014.44
7009,203073.33
16024,222185.1
7330,208462.39
12378,262829.38
10378,286631.72
6926,313131.34
4027,221932.92
7435,183001.69
11299,199819.48
12112,215752.4
4723,206710.73
14224,179932.42
11300,225647.78
16124,189770.14
4988,173951.45
8019,225569.39
4036,147614.23
2075,167771.48
14593,157061.61
4499,241885.66
3685,395624.38
2168,247028.06
8263,178795.47
9242,208994.58
14855,292537.94
2800,361947.25
14715,300644.5
12729,223724.1
14683,238650.28
429,469380.62
723,223886.12
8170,223619.23
2770,136038.47
14395,182244.03
12326,198345.58
221,250586.61
9448,164148.86
1593,168438.36
8962,127186.055
11068,365313.0
7896,182147.0
758,136695.94
9252,202106.28
6077,153716.95
4186,322350.5
8220,259533.33
753,157772.81
13063,201508.44
5728,178442.36
10817,198143.62
7868,509434.16
8580,184312.25
11100,161642.89
1003,129837.54
4779,120476.01
7121,170846.56
3946,215572.58
4426,175504.45
11309,121275.61
11285,275722.16
8222,131350.94
1189,122838.7
16356,179559.25
446,206949.39
8530,222146.58
14289,189315.69
16009,223031.17
9692,237735.94
13489,246089.23
13010,167546.92
6083,103240.79
2707,144631.66
5898,213799.28
12994,203783.88
8796,133176.55
3009,134798.42
7033,275912.72
6615,131710.34
2235,152024.94
5565,176963.6
5869,124864.45
6384,188223.78
1001,221923.42
11540,220254.62
13967,190889.86
4097,192405.12
9993,224958.16
10166,248872.4
15928,360069.16
14584,131823.7
1962,340568.47
10363,163239.81
1097,81912.016
3430,179821.39
1672,197787.9
9195,111044.46
16193,177314.81
9076,296594.84
13030,172887.67
14459,138974.81
8470,155452.77
7810,261260.03
4342,143741.72
8551,147679.33
5555,400038.3
12190,223353.86
8875,151120.6
3179,237451.02
291,223712.78
4549,433771.34
11486,201937.28
9349,263396.56
5305,167484.67
3379,316796.66
12593,419217.4
13712,172875.88
12847,170238.38
3964,185198.02
13981,258062.75
2538,173664.03
14764,140766.7
6147,139143.36
16693,155957.55
9398,190686.08
13554,130046.82
11054,340305.88
9462,121239.82
1528,181690.19
7096,327407.12
8993,184952.17
3738,316823.84
15096,385137.12
97,351332.03
5701,340182.97
12401,197990.12
2113,341267.9
15724,301901.9
15692,169092.22
12791,266040.84
10747,211998.05
1730,142120.0
5010,199983.48
10173,179654.42
6771,164580.5
6524,195318.25
6995,376834.3
14303,204334.34
1274,88116.875
9095,167862.11
15435,148430.16
9363,188139.8
7913,395383.75
14286,194240.77
4759,190836.48
8674,202678.98
12459,235630.16
436,165367.95
13586,206289.92
3231,344022.88
8124,160773.66
1226,275237.7
6887,168269.34
8855,297134.72
1768,125554.555
1630,194734.28
13293,127583.91
5705,200598.06
9067,145823.03
2790,238135.19
15012,141599.78
2411,237459.38
12054,190692.0
15653,138697.8
278,197365.98
1828,140344.12
7031,128909.6
3906,140335.88
13027,114085.65
4505,247373.52
3927,214292.23
12396,179283.0
6394,291734.12
8922,246881.25
11446,203704.19
7546,289902.3
15150,165485.78
2988,263427.94
3077,94001.63
2111,166606.48
10235,155036.89
15784,189904.66
12113,193385.8
5645,203132.89
9326,318587.72
12895,364126.12
11733,319568.5
1201,141635.16
5253,284979.5
16547,185035.33
2378,201009.94
11477,132607.86
1984,181827.03
8806,318430.12
16722,165979.53
7893,261226.98
8821,238957.58
9816,170646.61
5133,238087.8
8377,287233.4
7319,146724.2
2326,194942.22
3492,242091.17
14868,214855.84
13464,191043.52
1137,181199.34
15733,202459.69
12108,229765.23
2564,189637.28
11080,234187.22
9084,177842.53
8744,235366.84
5915,172909.4
14622,190996.36
9818,336820.66
2376,202786.69
16788,167587.92
11363,189216.95
14256,189209.12
3701,170455.06
12627,104711.15
9235,147694.3
6012,172512.23
2189,349004.78
14736,193035.31
5252,78855.41
16708,171985.48
320,274253.16
6943,142541.3
10548,227661.33
11356,323157.1
5855,242850.88
10265,251317.33
3325,166644.72
10243,213052.77
5549,198658.95
1284,166738.17
14510,139331.22
12488,125950.766
12089,378769.4
11715,278028.97
312,125581.305
3700,213651.81
10028,390174.53
12374,305205.0
9624,347841.97
5232,452625.94
13763,247203.9
2774,223124.4
12312,148610.56
3288,279851.97
5404,199548.66
3555,196603.55
3070,212097.14
12879,167535.72
11402,144568.66
9345,148419.53
1045,239005.17
16544,161659.47
5409,161480.97
2787,271136.25
7055,201548.53
2853,244113.69
861,182750.64
5480,263237.78
15178,69059.48
13428,442038.2
7564,359245.12
5974,402677.06
16292,186148.61
11066,244050.53
5265,253625.78
1966,142761.1
1142,153844.88
1721,205463.78
16606,231029.62
7992,187658.05
3304,146231.16
15181,244411.05
14750,237844.08
16207,201791.03
14087,470530.62
3359,228891.44
5926,244709.34
12703,273378.16
15813,136114.38
11697,247074.9
12548,156858.25
13249,515101.78
15248,427173.4
15847,154330.27
3939,189586.17
11961,233248.22
1358,221679.02
4604,168139.12
4357,162258.83
5763,113073.086
11193,187627.81
14327,164997.67
10750,90480.74
306,177084.64
5043,179938.7
1343,143898.5
8981,125923.38
8809,202144.9
13563,340502.66
8617,203589.03
5398,169324.42
12061,183599.97
2246,189942.39
1976,459869.47
1729,168220.98
3980,239643.27
14213,184462.56
13944,179305.81
2321,240633.27
6624,111029.55
7751,179797.28
15418,174875.66
269,193078.89
9075,152606.31
9636,241788.2
13367,322177.2
8808,176906.45
3260,168866.1
13959,143665.75
13741,425815.53
8198,156732.2
5957,179232.86
14778,333680.12
1202,167238.3
2547,175045.22
12749,175350.31
9547,146216.56
12617,203928.4
2606,315156.03
1350,492453.06
822,219343.14
2778,208178.31
4870,155892.72
1985,196275.81
12634,168713.86
7494,184672.64
10397,197548.45
3184,203588.33
875,155947.33
4425,206373.42
6285,229825.75
10272,252998.95
4413,173927.55
10671,425574.06
16477,176126.7
6068,227529.88
3085,362956.75
5694,113803.11
13369,173612.28
7268,387639.34
10542,160750.53
5755,390930.72
5152,86760.625
12310,377009.16
7778,209138.7
12539,239960.34
13140,286458.1
2991,490178.28
6763,241739.27
9780,317916.16
14402,185007.77
12143,164333.19
15306,176036.11
6408,184229.86
14645,217366.89
5708,348044.1
4461,171565.69
2649,215929.34
10758,522681.66
2495,156104.58
12117,224712.22
6946,190169.61
12901,139827.27
15637,210886.94
625,338576.22
3028,136040.98
12041,125564.77
4885,166494.6
7232,150442.4
1897,203060.69
10380,220922.08
13762,139065.19
12954,144916.06
7621,164668.67
5067,166677.92
1851,147197.1
5042,148480.14
5170,294125.56
5454,154838.06
4423,200065.9
9137,311418.25
1200,169756.11
1134,178962.12
2363,394170.3
8946,188449.08
10223,180813.1
834,323246.16
14667,195313.89
15963,214619.3
14232,166553.56
9549,136687.34
16132,142147.75
14712,276102.22
4623,313979.28
4089,258573.19
16054,304902.78
1805,329973.84
1138,316150.94
12929,199575.4
7529,122658.84
15818,175290.2
11222,208446.17
923,222541.69
10708,155556.5
8742,106409.664
648,211347.16
5287,371779.38
16378,261174.22
9837,417631.75
9653,195595.06
6568,224945.39
9930,209283.8
1823,388462.2
3194,189451.3
13453,265683.62
10226,227024.78
10301,208277.0
1186,199869.36
12857,168631.95
4883,186070.62
2854,211033.66
16744,244773.39
6559,200438.31
1986,165166.38
11373,209997.9
10019,173500.58
2322,145060.52
2214,185503.02
8759,199003.05
12228,553214.4
9563,283395.1
7271,302732.5
1161,117676.18
8436,177319.52
390,392201.8
2238,205631.44
15247,329689.5
2728,158669.86
13277,213698.67
6320,257303.44
9152,295771.34
14741,270933.28
179,159206.05
4699,369339.28
6726,141248.84
12516,150338.86
12405,184666.34
14354,230169.16
11036,264606.78
3805,303263.8
12287,266432.16
13915,178540.17
13935,182341.4
4463,344830.88
14057,169215.48
3897,153228.2
13602,80287.22
14652,175858.11
6533,191770.52
5485,213672.55
5037,170310.45
2179,221616.7
4786,220845.05
940,137730.48
13801,112465.61
2311,172519.14
15753,236471.38
7725,153703.36
14405,206939.44
13461,220779.44
14096,177905.7
15634,224196.08
11208,205972.3
8640,290249.3
13666,128614.38
9169,185387.39
5839,120329.836
5936,164194.31
8843,253098.73
10815,225991.48
12717,226577.48
8548,344330.06
8230,156392.69
11321,198738.11
9767,177481.81
497,166316.22
9143,157549.11
16166,442459.62
15231,172534.02
9568,205002.28
13185,128409.03
3594,200851.88
5924,146963.58
2949,174854.25
2762,233917.9
2017,235142.45
11116,316452.88
6626,186444.08
13055,169126.56
7852,176580.36
7930,167914.31
10694,114834.336
5922,267696.6
9209,299109.94
9278,220510.23
1482,194851.02
5671,207401.4
10618,187882.33
7303,176586.3
13702,263583.3
6451,244177.2
1761,148097.33
14567,244291.81
12064,182571.11
8526,240457.66
4270,151561.84
9845,185387.19
15987,255522.8
5923,179492.1
13302,230283.78
16052,218922.98
1613,226902.47
7662,238627.5
1705,191688.08
5845,154739.47
8873,159351.23
2798,98712.766
965,407510.78
1355,167747.4
16596,191295.22
5296,134296.27
14032,143081.16
2451,208521.69
15949,207611.83
4393,382520.34
764,169166.23
5317,214534.6
10610,163954.12
10646,145554.72
7695,161494.36
12743,104402.38
1837,202747.92
10674,157805.95
14979,248976.53
6683,236655.66
6587,176135.36
7266,163938.8
10136,141979.77
1048,205825.52
4677,189065.06
6976,398050.9
8120,157738.0
7461,313564.34
4229,177896.5
15983,129101.78
7147,373845.38
10409,242438.08
4041,201238.92
4431,251561.64
3196,250925.92
9825,241317.84
3284,150931.36
3838,150214.14
9183,168943.05
8100,246393.4
4922,175535.27
10798,106293.89
2873,207204.27
1952,167413.81
6474,165614.25
12695,205692.4
16195,141979.77
237,191596.52
13952,172150.67
11350,230137.17
946,166144.69
5985,171976.4
16427,189024.23
13937,190961.6
876,162566.08
14371,176032.55
5527,255346.02
9220,137934.14
11726,166846.3
2966,232380.38
12725,165223.6
12457,153316.33
16515,139121.62
10969,124386.81
12647,242352.81
3926,299997.88
4302,134209.84
2508,201605.25
8718,176365.66
7678,233303.02
12912,288960.0
5935,180268.6
4634,155850.62
6208,189202.05
7833,166110.83
6449,154016.97
10692,184738.81
2676,172987.39
6723,182218.39
16727,223758.84
5356,171841.92
13386,175196.73
7813,209751.5
16321,152143.6
5500,175386.4
1917,284849.06
11065,181623.25
2809,205081.78
4220,295643.3
16412,180240.34
14670,217666.88
12787,175869.36
3843,226472.23
5953,312289.47
16182,275217.66
1406,270765.12
16382,122356.46
11650,267754.3
721,160066.62
11045,210486.56
14478,171286.72
9214,259365.48
8615,158039.08
8334,263306.75
3389,381270.84
2681,105483.89
2373,222621.55
6031,210826.89
2452,159519.03
14305,184702.75
9484,184377.08
862,194716.5
3422,302615.12
304,250218.25
7697,391299.1
16394,105757.36
2882,237019.48
5600,197121.62
13649,202196.72
3440,186481.36
12920,80921.26
13733,150556.8
3106,193826.17
5959,223275.3
7748,216601.0
6345,126972.23
14551,153530.42
9496,293568.66
7180,337120.06
7883,206366.72
5875,159410.98
5126,304738.38
15605,201095.95
7306,168177.9
10020,192320.81
8909,400605.94
6719,193909.97
5243,178097.22
8971,129056.555
10062,259520.98
11962,244249.84
13462,225686.56
8986,128859.91
7320,260397.72
15855,328986.72
9415,154103.1
11908,187448.44
16582,171585.94
5573,287337.2
6704,161773.16
12499,218422.17
7110,139050.62
13600,355799.84
772,277513.3
5155,183932.3
14191,250006.84
3734,351313.6
2860,203548.95
13680,124239.06
9879,262097.67
5333,170230.61
5208,152901.44
188,183707.72
11440,153398.75
1165,93637.63
15559,163826.72
12706,170817.42
27,151602.28
4611,198903.27
12937,160803.98
16276,323083.94
6153,134945.81
12058,149519.69
14982,216211.67
15195,236491.75
778,193372.31
10769,132246.83
3268,209007.08
1286,169749.1
5450,318034.22
1221,270180.34
9940,183850.86
13325,235125.48
12270,195725.05
8822,204590.12
10897,180834.23
9330,234547.6
11984,178118.06
15056,251814.88
14954,227713.55
14905,210478.48
5219,215198.28
6613,219540.16
9139,123779.016
11456,173996.67
16626,243417.06
11247,177826.12
9972,205224.52
2631,146468.39
6526,109039.914
192,201614.45
14160,169319.97
7623,300789.5
5468,175737.47
11331,191251.42
3308,124045.375
16154,182266.5
7526,217091.06
10174,164016.5
786,353795.5
3956,394398.78
11499,191749.2
2105,218529.72
16065,216282.53
5999,94101.71
1060,278842.9
4805,345941.12
14876,197422.7
1411,170735.45
6989,179304.16
9869,302492.3
1272,233674.4
13306,175823.5
4853,254056.14
210,202220.47
4466,215061.4
2954,227640.25
11110,176387.27
6576,206136.55
10424,225978.7
14269,127558.63
7491,261066.42
2158,170385.48
7386,168522.05
10555,297698.2
13,192744.77
10184,120653.84
15576,142527.52
10698,195553.53
5375,255542.39
9089,204315.22
6126,339455.25
6973,162091.17
15437,236368.5
5000,302141.34
3690,197698.02
14190,173390.08
14930,175382.48
13468,153069.38
4658,287253.84
9111,497744.06
14766,126713.66
10291,194138.1
7295,203622.3
7394,251813.8
3936,222860.44
7127,405695.94
11822,260653.06
908,199025.3
3669,259199.44
15641,303671.88
7585,375737.5
2569,125188.875
976,149563.34
16111,150209.6
10258,127920.26
13075,309045.94
13059,219848.3
5893,186699.17
2308,240986.55
6724,166415.14
9533,174647.0
2122,125801.72
3047,198784.7
8558,153375.1
6977,287525.8
9526,213818.12
12127,215900.89
385,292831.72
13382,219854.7
4135,134399.31
10162,211265.5
6932,116660.77
13321,188828.62
3925,164945.42
14794,157677.12
15151,387457.75
7125,157706.89
12017,140508.17
12288,231064.5
5618,145206.03
14018,145552.25
16465,197907.61
5268,90774.9
14685,125268.5
6477,140018.58
6618,406949.84
12521,177489.8
14749,260483.1
783,149653.67
14120,166423.34
6367,334917.62
9493,204171.03
6941,90121.48
178,334170.6
15073,126955.08
14594,204882.56
8622,83117.99
3740,214195.05
3065,128481.51
11752,151694.69
9928,143522.11
329,215866.69
15064,151939.67
9887,180522.84
3263,181502.64
3493,172886.02
5424,169649.17
2560,174888.05
7914,384138.47
9969,248282.22
6223,192844.39
3043,248217.02
3147,142025.78
9366,188374.22
9907,163490.56
10532,286703.28
14417,175425.25
12526,179943.72
11504,145374.72
15999,246051.66
11879,290744.6
7373,235242.33
5654,341090.47
3495,217286.5
7307,137737.97
15417,201036.81
6505,172074.66
7213,167917.42
5107,277474.8
3481,157885.0
11968,402456.94
16723,157011.9
14963,204343.06
2314,128355.73
13224,182169.05
7759,151585.42
13954,235104.3
15957,383113.75
9322,266189.06
171,173979.42
6464,304169.4
12195,178615.7
3008,254382.78
11533,276038.84
8792,245157.45
13966,347372.22
3677,182350.05
10647,232661.53
10974,208949.06
11973,127065.17
12958,179655.27
9952,190716.47
15190,384271.16
560,336156.53
11684,367986.38
3366,120365.57
2163,245323.64
2229,139589.4
16643,303552.28
6554,197705.95
15889,184533.56
13411,222906.1
3818,261178.75
914,207191.42
15357,159376.39
264,225971.97
12055,221132.22
12506,278766.56
9986,200759.61
7200,405376.0
15970,157616.19
7485,195371.9
362,127300.0
2493,148404.94
7424,145441.53
7746,207327.12
62,177838.14
12124,311384.06
343,206130.14
2421,286696.75
16110,162821.72
13689,191708.4
10035,311841.22
15361,164687.97
10373,140145.31
16688,144608.36
9368,176285.3
3416,180297.8
10663,186044.08
5286,181990.22
12622,171652.23
889,216840.14
7471,171798.28
10154,161228.34
14789,152514.2
14818,265065.62
526,199243.5
11780,170268.94
7740,233635.6
9329,180590.69
7255,231235.12
16718,141082.73
14413,159596.11
8950,304220.97
7254,283234.88
5881,182192.27
16737,202330.06
9151,444693.34
9324,235500.22
578,170328.73
458,187090.16
2261,460557.9
4532,162659.89
10505,160351.06
12168,187014.38
5381,151299.06
8190,187135.16
7661,475305.72
2578,286022.38
4780,187415.34
1538,291380.0
14064,175623.11
9515,169068.33
1254,142508.27
2151,163184.78
3024,157868.53
9799,169188.62
10455,144736.39
13116,134031.9
2575,327818.56
7991,184139.02
11147,242508.3
12618,246918.48
11524,224309.25
12350,133826.12
9009,129941.8
1746,180774.06
2773,232157.97
12679,427720.53
5777,180555.02
9991,199757.12
5473,312001.03
2094,157617.69
12482,237154.66
9693,111635.48
6699,120269.086
4603,192036.58
4205,241650.6
2764,230511.69
1542,272169.62
11336,78319.3
13791,192319.28
14462,174748.69
7739,285589.88
14496,179975.48
5868,162634.83
2789,256121.78
4862,154286.9
319,170799.25
3172,173036.3
5674,176115.8
5048,271611.72
1245,360293.12
5906,184065.97
9108,170461.83
7788,195500.28
3315,177929.72
7165,215263.75
15612,234027.16
7693,72017.7
10795,176941.89
5659,200404.5
12551,361504.5
3459,274312.34
14301,209903.19
1645,144023.27
5529,411104.66
1297,160618.97
12463,214910.39
7141,145531.48
6334,170304.88
4221,345145.7
12383,251958.47
15622,178139.23
9199,158498.23
4897,163096.56
14203,140918.19
5349,136566.0
2531,147024.16
14935,143153.84
941,241587.4
11298,199527.58
15545,203747.61
7413,81484.01
6507,185689.86
5308,128826.62
7724,169936.33
14089,155308.48
5090,143044.55
15314,105166.34
15668,197789.22
14202,149939.92
16390,206867.47
1501,310130.5
16098,176606.25
4533,496366.38
11010,167008.95
8129,221483.97
3733,191020.17
7191,197382.81
5669,187228.55
10727,173903.89
2023,152208.95
6766,223357.12
1995,202294.27
6935,367989.53
4584,153114.2
9901,209994.6
16374,190534.53
9028,188277.98
7013,222578.06
3014,207304.2
7965,230624.53
653,138546.75
12103,184553.45
14000,316002.06
16101,231371.83
8147,275527.03
14304,165483.7
7371,150912.48
2779,169383.38
1781,214870.72
8516,129509.44
5298,178939.5
7948,226869.14
5177,159190.8
863,314231.8
8318,156971.48
15712,161053.12
8010,234316.11
7351,149521.58
7654,218594.92
1860,182204.62
16734,227358.86
2848,190360.36
4216,199219.12
12398,308707.72
8982,440997.0
13414,192641.23
3120,352058.6
6071,183326.4
7743,202879.7
1346,241721.45
11643,145765.17
4301,264195.6
16745,150258.39
8726,350436.72
13819,158920.5
744,163647.72
12094,235274.17
14004,222995.86
10891,279367.72
6736,211745.64
10613,277233.4
76,359808.03
1261,188526.72
6033,246067.72
16482,205174.45
3480,182254.48
4007,361544.0
6937,427890.84
6178,183273.94
14633,148290.11
9382,384841.16
11971,227914.7
14461,195910.95
2509,192886.69
10714,333218.94
14363,191156.58
4244,163042.25
227,166850.0
4498,306046.25
9453,142973.2
14134,184219.8
13920,305861.3
15077,306018.9
6680,113931.46
1899,384203.3
516,146845.69
3213,272105.38
8944,180451.25
3726,240389.89
6380,237222.44
12849,189436.39
12751,159718.95
3139,392148.25
13621,164740.9
7115,304769.25
4830,160049.27
10785,395685.47
4248,285618.34
2161,227359.33
10707,180333.38
13314,170461.75
3658,178667.06
1738,247131.19
11744,261236.64
7407,185266.94
5169,101557.17
3821,150184.69
5805,181356.97
1573,211213.08
12131,413031.34
15806,282233.72
11672,326830.53
3892,193663.25
11727,209858.61
16319,196011.81
5055,157614.1
14296,181576.17
10905,181330.4
2590,199450.52
4475,157177.72
3313,206946.92
2464,337081.56
12184,211946.0
14886,149849.8
1385,142955.84
15561,146348.44
9884,148272.36
9895,212115.11
16307,204573.23
2978,214542.7
6553,429601.28
3951,265136.88
1555,264339.1
8502,91872.84
15095,209379.62
7372,212011.08
4385,259396.03
4362,190891.08
13831,178669.53
6489,280788.34
3098,177779.69
6268,151952.73
11688,248495.9
12426,179097.5
13894,172856.31
7239,130084.74
425,351193.84
3425,110682.5
781,171666.36
6206,358558.25
6543,192208.95
13646,234564.92
1686,203843.62
10664,174413.22
13420,142822.66
14300,156832.62
10604,240587.02
64,214490.4
2786,200552.1
5622,199774.69
10123,270728.62
4096,194025.22
3502,184304.88
1758,125118.9
3570,142215.84
7227,210304.69
13451,167756.89
13668,250025.39
9599,219274.95
5260,448368.0
10087,224346.98
6075,277006.9
15227,385833.44
7864,192082.33
15836,124357.54
16267,187531.33
15771,249336.45
7644,275992.5
6026,217502.38
14857,223619.19
12003,201212.62
3770,143649.25
14196,356894.38
7468,150498.0
12165,317989.16
14233,123950.44
9126,143240.34
7229,198353.95
3384,246975.92
6401,259069.0
10877,281617.53
6045,187748.61
10901,256893.1
8999,246961.81
16355,211467.78
5110,433151.97
1474,158350.42
15023,262080.03
82,183069.38
321,233758.88
8236,398887.5
123,230714.45
7210,133889.72
8979,209834.25
9702,181374.94
9258,229468.34
1402,205825.52
15587,162974.95
14438,272455.53
9133,205081.78
9672,214610.53
9313,155924.52
1353,238356.97
514,192814.25
364,167111.1
1895,340874.84
206,354077.25
15290,220694.33
13504,205667.28
14673,141763.75
15642,292877.47
10729,191464.16
5837,427329.3
395,149401.83
3679,140572.8
7673,199016.45
7785,258335.06
10264,102162.516
7962,152922.7
11683,221178.55
15650,184419.23
4247,168906.52
14721,211158.6
11717,234781.88
5593,333216.88
7855,125988.74
5196,206196.22
4245,149281.94
11424,182754.89
15203,183872.2
14149,191584.25
1352,212775.42
16135,221124.02
7054,132938.84
2044,311784.44
1503,189480.1
14094,173009.92
12235,167308.66
8189,510146.06
16588,276217.56
9957,120707.27
9457,163799.48
3199,178672.73
10789,172496.16
5262,186342.27
6854,184258.4
969,183414.88
16613,166658.72
12748,267012.0
13926,249482.52
7390,322760.5
14971,182025.75
13103,254962.28
3616,159652.66
5860,155778.92
4162,211997.06
12144,180837.28
8544,460779.06
3238,186714.84
3341,267100.25
12864,235962.5
9101,169167.02
11325,204419.4
3180,179505.31
1965,270514.9
1893,404765.38
12668,194113.44
15030,115331.58
13404,91467.57
807,111379.31
8515,288759.7
4695,134492.92
4761,183878.61
12203,130070.65
5347,181632.14
13399,341487.6
13858,155597.4
12505,236375.88
2442,350944.3
15245,289683.94
9898,111254.58
11651,150699.17
6259,141406.2
10520,365212.06
13599,163195.38
9694,224284.56
12220,307078.66
1529,128363.77
14853,205881.34
16750,186420.97
3630,136497.73
15943,201229.86
13828,347649.7
15618,129600.94
6130,175475.48
14219,143819.95
4276,224416.8
12798,156674.17
14215,431453.75
6290,229279.83
16625,181207.52
4067,250863.98
3552,195884.02
3804,180919.6
8465,233309.16
4395,191580.42
5682,265980.7
14241,200161.0
7489,127818.37
12468,151134.45
15608,198132.03
16783,318674.34
11500,585715.9
9154,183177.89
12474,165945.5
6620,244951.08
2334,266255.1
11545,161850.28
2981,188056.44
932,127144.914
3466,110674.125
16367,151559.8
7737,227228.52
9122,130504.445
13015,204311.66
950,219468.34
14806,172146.1
7354,188352.42
13706,191055.47
13993,285055.12
10577,137853.55
4592,193633.58
10295,127697.87
16432,309820.38
6453,150791.02
621,344230.97
7114,307972.34
6310,201390.84
12769,152644.81
12078,193272.1
10073,155502.78
11732,152752.22
3146,230270.61
15028,145727.2
6718,196782.75
6256,188558.05
14217,208736.8
506,187560.58
5013,252332.88
5302,150523.17
15453,145197.61
14535,237407.22
8160,221936.78
4075,137331.88
701,261665.69
5807,194416.56
8469,288200.2
419,268070.66
2524,256117.2
1633,119622.195
2729,200987.14
11838,120982.05
6052,133697.23
1248,378390.94
6677,194178.14
1347,285304.88
8673,131007.53
7848,200346.97
2024,255011.02
8410,166531.97
11855,424898.2
16426,208524.11
1129,343451.7
10596,194982.69
12640,156933.05
1415,107003.164
3250,231273.9
11081,152687.64
2767,179426.83
2638,139100.6
5377,214995.17
5436,187123.7
10215,163789.55
2662,126366.63
6476,179662.39
618,162036.67
11895,189982.08
2292,155145.5
30,166220.39
1988,190368.61
13093,245261.61
3786,89002.805
7481,214789.9
11379,331222.06
3352,310593.06
2828,273643.03
10888,380184.5
1119,219749.36
4848,194854.4
8265,112119.59
4774,129154.86
16659,232783.83
845,307728.9
8002,281111.06
4583,284033.78
7640,209076.84
2132,361214.97
15218,174566.9
3265,214587.44
10552,251001.92
11551,215338.34
6955,125365.09
1802,157968.38
3258,194280.72
3929,140663.38
16647,117484.46
15419,137926.03
375,182658.55
9666,361213.88
8920,170693.34
398,253510.72
9583,107101.86
12655,235566.75
9282,184962.7
5057,320271.88
3279,255197.4
7187,102129.336
2428,90944.92
13916,291235.25
6406,174419.78
4224,122104.18
9906,327299.34
11094,154472.73
15896,141464.69
1397,316487.22
16704,430927.03
1816,161706.48
16043,159472.58
10670,206259.14
15967,271905.16
8740,253822.02
4110,164424.22
6402,231770.05
7551,135372.8
510,262280.5
15664,303398.34
4148,201389.94
4023,258638.61
8560,259802.95
3715,205895.64
4902,225055.94
6461,189368.89
8651,134492.97
9172,250205.95
14080,162758.61
594,139153.19
8159,497587.4
12700,220062.39
3932,151982.92
5651,162121.58
12525,192124.77
9621,119438.96
2166,158871.08
11319,201755.9
16032,217933.92
12185,221408.95
13974,229714.9
9683,297072.53
13655,309216.03
5140,137501.42
16325,248087.08
7261,211412.12
3434,214062.34
4444,277961.28
1804,108550.305
3160,142612.84
14609,123023.35
6675,214209.6
13984,358344.9
9372,160585.1
10929,224642.47
16208,319402.5
10133,127509.914
841,140314.69
7885,239795.56
1331,198088.12
7615,223986.4
11503,186557.55
11509,116258.87
5581,122089.734
14579,179957.1
8994,199050.8
10333,147890.81
10948,190064.86
10014,141987.75
4010,297488.12
5393,130681.02
9318,172028.95
5635,76750.24
13478,165335.2
13573,195950.8
6218,147336.39
5916,176676.08
16486,378074.84
5615,149675.1
14483,163927.55
11307,177186.05
11333,160360.69
7762,210212.0
13139,269442.75
14538,181954.28
14761,279066.2
13442,304040.62
835,187789.55
15275,228560.34
13908,146255.98
15237,189091.08
15616,171303.94
12420,170855.06
5165,183236.67
5091,190222.4
14626,148909.06
16485,122890.43
12564,381586.94
11169,166217.53
14017,145636.67
4445,262129.31
7735,165877.53
10654,326178.34
10365,170257.92
105,295724.38
10878,290915.78
14639,249424.27
2756,191130.86
4364,156597.86
16551,183910.27
54,248473.38
10982,288077.97
9314,226203.89
7847,197638.31
8081,269701.12
1585,251541.88
10441,166851.23
16123,255673.89
694,228547.77
3823,190346.08
6967,230709.02
273,206051.08
15406,254131.55
16472,143593.47
4562,138132.2
10267,390390.6
547,191138.98
1166,315662.7
11390,118924.83
8021,125696.055
6179,93309.71
13134,322510.03
1407,170954.27
2691,173220.86
4572,149538.67
15049,168221.55
12669,167214.94
15271,348597.03
4535,242671.38
12720,174185.36
11689,132709.19
11452,68341.945
8905,198457.72
3650,194190.62
4728,313312.62
3316,199192.45
1241,174158.58
111,181357.06
16105,206884.98
3472,163769.14
13409,383356.94
10624,410642.5
2940,316141.78
11371,130628.766
15110,161618.25
13589,224675.72
197,108907.305
8415,252708.28
5403,413201.56
10350,206404.64
13240,332696.25
4485,183512.97
14006,198085.0
11324,182366.2
13713,215333.22
12346,262628.16
5312,115071.7
8968,150380.06
8954,209123.52
2974,164016.5
4600,248608.4
4306,402101.28
12081,237069.05
6909,205520.67
7064,245845.33
8180,237601.03
3969,154804.64
13475,158620.0
3882,457599.84
1024,177138.95
4200,183986.5
14852,200879.81
11570,184307.02
7902,137767.48
997,239905.84
10286,139833.58
5195,206957.5
9476,175380.86
988,224310.9
13581,192036.22
5240,224012.48
10907,197681.0
8878,207978.47
15228,302435.3
10523,193724.72
7927,394620.84
4867,188017.16
6325,103811.19
4625,138440.7
11253,330326.3
9922,180812.17
3725,112878.92
13826,346107.22
10612,182007.94
9196,280616.3
10859,179977.52
16397,161173.72
3509,493966.06
11334,357888.4
2858,246822.16
2924,216972.81
6924,187045.33
8305,191893.25
12598,234506.02
16240,187341.19
16357,113024.27
3645,194362.5
10667,325030.25
8754,270705.78
3423,173060.14
16143,208187.27
13473,310563.03
3540,348854.22
10448,399185.8
8295,208001.33
2610,166391.55
12916,102507.11
7946,234430.75
164,119548.91
12230,132054.05
5006,188924.12
6322,151001.1
4273,400428.2
14770,186327.0
651,189627.66
6816,233174.42
8048,181637.55
8910,199949.94
8984,500640.25
7782,141987.75
7950,320856.97
4215,188932.81
10077,239042.7
195,196971.3
11932,249029.33
8047,156242.88
1489,164007.34
11019,175822.05
8155,245800.75
11444,145608.47
6607,147330.08
15929,205940.84
15721,196964.22
6273,200510.1
3418,327428.9
9311,160017.05
11280,171713.81
6427,168040.06
12249,128367.6
14632,216482.92
13567,130511.49
2604,196210.86
13845,126014.75
12898,153453.5
3640,173398.33
11143,202725.39
6463,169208.0
5604,242462.38
6511,148379.39
6825,264167.38
6754,179636.53
2612,205290.53
281,199528.86
8186,189068.05
13786,167811.48
5040,382857.78
5856,200974.9
7853,162813.62
792,156885.03
8487,226470.61
15017,175480.77
1151,167425.56
6443,221560.5
7938,249127.73
2423,127377.49
6716,157287.0
7169,130319.15
9060,252492.81
7537,165417.25
160,176646.89
6954,166919.84
9501,526675.06
6811,346211.25
6174,120928.375
7134,190658.7
1110,127170.59
11845,123122.75
3536,178258.97
15856,198852.12
14071,158329.44
9316,284371.06
14916,151676.61
15912,244477.0
15115,225067.11
4871,208442.39
2106,205335.22
1685,131855.78
14180,223639.52
15431,149363.34
12365,186412.45
980,182293.36
3847,268597.5
8151,210212.69
190,189474.08
12116,371018.28
11295,325834.8
7989,161947.56
3156,360332.28
2990,139357.39
2262,347895.75
16435,209796.02
2427,167681.12
9438,165524.34
13252,175869.97
208,182324.64
11946,140243.75
4720,165844.75
13250,170822.98
10749,188447.36
12945,208622.53
3586,163283.56
13827,75203.89
13095,165628.16
11491,358385.2
12042,222152.52
9234,170855.06
3270,218038.11
8058,198299.39
15371,332012.6
856,174214.8
4929,147528.94
14199,115316.24
9835,181617.61
4816,299513.53
16422,197446.03
16617,245252.14
6113,211748.9
12320,243268.83
3346,150645.83
9485,233386.44
14335,309801.8
1990,215748.25
9667,172047.81
3637,186244.38
13094,157230.89
13691,102843.805
230,262733.38
6658,142783.61
4375,370774.0
16730,234935.17
11770,160368.08
10823,128282.945
8352,123111.234
15149,223602.39
11124,335787.12
7338,116305.09
15862,324139.5
14101,177304.39
1972,353643.1
12053,143755.52
12513,205431.94
4669,185204.62
3913,200750.7
12529,181165.1
3648,173826.08
4408,144834.81
9167,206134.8
3894,117828.51
8412,177445.98
8451,211936.5
4612,199613.98
15765,159644.48
5787,146887.56
13074,156815.36
10643,193568.1
4019,238709.7
14307,246646.95
12432,188005.61
14013,186833.0
14382,191156.67
15220,141736.08
11958,438585.53
11430,199086.44
9782,165171.72
7603,189272.61
7240,201864.06
5319,142075.55
3598,418160.62
15090,229208.3
8152,128917.63
11797,96522.18
15567,221624.52
3520,181320.42
13945,228906.22
2114,286377.53
3967,238626.16
6765,139668.2
11453,251617.62
13837,161831.48
1257,237851.61
8911,177507.36
2291,392207.66
3691,180321.81
15748,315719.44
13305,389842.12
16283,147426.48
16248,376979.16
11877,203992.56
2444,181230.89
641,197199.78
7344,181346.8
51,237859.92
6187,388029.06
11475,137342.86
13374,266655.25
8498,218472.08
10255,245653.34
12314,230094.88
11525,198324.1
14595,208982.78
11787,132085.36
8321,309466.6
14869,164628.39
10637,292733.3
2184,187613.86
16789,240232.02
10808,182634.66
615,164062.52
6096,175976.95
10966,180896.22
11291,161698.42
1338,159861.77
16217,344704.72
14540,212188.86
15581,160181.55
8689,337369.97
4538,197289.22
6877,125947.91
326,153370.77
2088,86657.88
9136,183314.81
7197,209208.83
12504,180685.56
9236,206443.52
9386,325164.5
6853,161221.9
1006,166005.56
6669,318699.28
7769,304815.7
10623,184255.58
8975,113483.15
998,238686.47
10281,201605.25
15565,136749.34
16072,311359.75
9851,140461.58
8841,105100.28
15206,149361.69
16677,151235.1
1957,181633.84
917,320782.4
16152,230630.33
4651,313706.66
9602,306047.2
1028,303682.38
2267,181277.0
16525,83638.06
4872,234433.31
6246,197332.88
5801,161442.19
3873,184055.64
971,151217.52
11640,145568.47
16531,165902.84
417,160310.86
9932,143297.64
5692,372856.4
11152,256962.94
2725,220974.67
4016,214160.14
3834,359514.0
1681,179391.14
9331,219460.12
14015,180082.39
14548,210711.36
7514,258587.2
11384,210807.7
16230,190757.11
13079,177573.33
7107,150344.42
15180,329278.94
8948,157320.98
1622,166232.28
14671,358074.28
15984,248771.3
8546,150856.3
7581,259365.92
13303,522954.12
16256,454919.88
14544,181647.92
11498,169353.56
6287,177436.55
8578,217626.5
4896,189169.86
15795,151349.31
8267,125948.445
6445,316207.28
1829,146260.8
1907,83730.55
7021,200039.0
7460,302494.9
16611,144266.53
9033,135244.47
3344,168343.6
13751,216436.33
9665,160994.69
14298,122612.414
10375,180815.62
14986,207370.22
6904,180554.92
6456,178317.67
8227,171072.88
3523,300430.12
13842,109203.17
13900,214849.75
6274,115806.555
6011,280310.34
990,168069.27
11589,263472.1
15016,194937.6
13281,190396.47
16301,177386.05
6175,246828.8
9820,112436.98
12024,181823.31
2535,150156.12
14486,345635.56
9973,152210.6
153,235595.08
16215,169187.08
102,154563.0
9888,364481.12
4285,209231.39
4330,138336.11
10156,328476.6
10601,134188.19
11519,425605.2
113,174684.83
11705,130005.66
8167,191957.3
4047,248179.12
2443,152749.53
9232,271575.75
12615,157633.14
11742,212931.83
947,258004.84
15412,90047.95
13365,401833.34
7432,106741.76
52,312724.62
3177,175536.89
16228,419620.75
9416,196197.06
4429,186666.42
6330,326969.22
6866,196731.45
13494,220034.81
7819,189521.69
5873,156314.86
4963,228765.86
11573,133846.88
10150,338988.72
14793,137069.27
12873,201351.45
15243,274889.88
4821,244669.81
11709,307851.62
9596,158775.61
8197,141695.61
9519,202074.42
5796,176934.14
2812,390910.4
10616,225345.83
3382,171499.4
11890,204804.88
13069,197431.62
10158,199585.64
8252,188890.77
8834,161407.39
14676,137216.94
13060,229732.02
10379,171477.62
16138,376859.56
3912,147279.23
5722,183608.78
11004,280283.0
